{"Assets":{"Assets/Minecraft Default PBR Resources/Tables/Configs/biome_table.json":{"AssetName":"Assets/Minecraft Default PBR Resources/Tables/Configs/biome_table.json","AssetBundleName":"configs/biome_table"},"d195998b4133bd349b7ebe0f3f2712bd":{"AssetName":"Assets/Minecraft Default PBR Resources/Tables/Configs/biome_table.json","AssetBundleName":"configs/biome_table"},"Assets/Minecraft Default PBR Resources/Tables/Configs/block_material_table.json":{"AssetName":"Assets/Minecraft Default PBR Resources/Tables/Configs/block_material_table.json","AssetBundleName":"configs/block_table"},"039d266e557ef2a42becca97e484209e":{"AssetName":"Assets/Minecraft Default PBR Resources/Tables/Configs/block_material_table.json","AssetBundleName":"configs/block_table"},"Assets/Minecraft Default PBR Resources/Tables/Configs/block_mesh_table.json":{"AssetName":"Assets/Minecraft Default PBR Resources/Tables/Configs/block_mesh_table.json","AssetBundleName":"configs/block_table"},"4f46f5ab2b61e374b94493c605972941":{"AssetName":"Assets/Minecraft Default PBR Resources/Tables/Configs/block_mesh_table.json","AssetBundleName":"configs/block_table"},"Assets/Minecraft Default PBR Resources/Tables/Configs/block_table.json":{"AssetName":"Assets/Minecraft Default PBR Resources/Tables/Configs/block_table.json","AssetBundleName":"configs/block_table"},"1dc044f6b76d59843bc70cc3dd0aa98c":{"AssetName":"Assets/Minecraft Default PBR Resources/Tables/Configs/block_table.json","AssetBundleName":"configs/block_table"},"Assets/Minecraft Default PBR Resources/Tables/Configs/block_texture_table.json":{"AssetName":"Assets/Minecraft Default PBR Resources/Tables/Configs/block_texture_table.json","AssetBundleName":"configs/block_table"},"3718a3e0e1524d24db625132fed8131a":{"AssetName":"Assets/Minecraft Default PBR Resources/Tables/Configs/block_texture_table.json","AssetBundleName":"configs/block_table"},"Assets/Minecraft Default PBR Resources/Tables/Configs/item_table.json":{"AssetName":"Assets/Minecraft Default PBR Resources/Tables/Configs/item_table.json","AssetBundleName":"configs/item_table"},"317fbbbefe0f6104f9c52754eb112fd1":{"AssetName":"Assets/Minecraft Default PBR Resources/Tables/Configs/item_table.json","AssetBundleName":"configs/item_table"},"Assets/Minecraft Default PBR Resources/Effects/Destroyed Effect.prefab":{"AssetName":"Assets/Minecraft Default PBR Resources/Effects/Destroyed Effect.prefab","AssetBundleName":"effects"},"ca332020d4238b14997acdd00bb3b5de":{"AssetName":"Assets/Minecraft Default PBR Resources/Effects/Destroyed Effect.prefab","AssetBundleName":"effects"},"Assets/Minecraft Default PBR Resources/Effects/Explosion Effect.prefab":{"AssetName":"Assets/Minecraft Default PBR Resources/Effects/Explosion Effect.prefab","AssetBundleName":"effects"},"9ff88b3f470257d45b6cab5a0aba77e9":{"AssetName":"Assets/Minecraft Default PBR Resources/Effects/Explosion Effect.prefab","AssetBundleName":"effects"},"Assets/Minecraft Default PBR Resources/Lua Scripts/block.lua":{"AssetName":"Assets/Minecraft Default PBR Resources/Lua Scripts/block.lua","AssetBundleName":"lua/minecraft"},"1d60bafa835890c4c9aff99f4cd7afea":{"AssetName":"Assets/Minecraft Default PBR Resources/Lua Scripts/block.lua","AssetBundleName":"lua/minecraft"},"Assets/Minecraft Default PBR Resources/Lua Scripts/blocks/gravel.lua":{"AssetName":"Assets/Minecraft Default PBR Resources/Lua Scripts/blocks/gravel.lua","AssetBundleName":"lua/minecraft"},"79806a26e187884469143af4a7492d2e":{"AssetName":"Assets/Minecraft Default PBR Resources/Lua Scripts/blocks/gravel.lua","AssetBundleName":"lua/minecraft"},"Assets/Minecraft Default PBR Resources/Lua Scripts/blocks/lava.lua":{"AssetName":"Assets/Minecraft Default PBR Resources/Lua Scripts/blocks/lava.lua","AssetBundleName":"lua/minecraft"},"86d6215d756e78c438d4601befa23b7c":{"AssetName":"Assets/Minecraft Default PBR Resources/Lua Scripts/blocks/lava.lua","AssetBundleName":"lua/minecraft"},"Assets/Minecraft Default PBR Resources/Lua Scripts/blocks/sand.lua":{"AssetName":"Assets/Minecraft Default PBR Resources/Lua Scripts/blocks/sand.lua","AssetBundleName":"lua/minecraft"},"404db4b93854f474295b071d8199630f":{"AssetName":"Assets/Minecraft Default PBR Resources/Lua Scripts/blocks/sand.lua","AssetBundleName":"lua/minecraft"},"Assets/Minecraft Default PBR Resources/Lua Scripts/blocks/templates/fluid.lua":{"AssetName":"Assets/Minecraft Default PBR Resources/Lua Scripts/blocks/templates/fluid.lua","AssetBundleName":"lua/minecraft"},"11309dc5d2e94de40863a30986a70d2d":{"AssetName":"Assets/Minecraft Default PBR Resources/Lua Scripts/blocks/templates/fluid.lua","AssetBundleName":"lua/minecraft"},"Assets/Minecraft Default PBR Resources/Lua Scripts/blocks/templates/gravity.lua":{"AssetName":"Assets/Minecraft Default PBR Resources/Lua Scripts/blocks/templates/gravity.lua","AssetBundleName":"lua/minecraft"},"5d3b5ab52ddf7634f815b40d4a4e0452":{"AssetName":"Assets/Minecraft Default PBR Resources/Lua Scripts/blocks/templates/gravity.lua","AssetBundleName":"lua/minecraft"},"Assets/Minecraft Default PBR Resources/Lua Scripts/blocks/tnt.lua":{"AssetName":"Assets/Minecraft Default PBR Resources/Lua Scripts/blocks/tnt.lua","AssetBundleName":"lua/minecraft"},"3fef8261fe3240c4ca73ea4e3fceef21":{"AssetName":"Assets/Minecraft Default PBR Resources/Lua Scripts/blocks/tnt.lua","AssetBundleName":"lua/minecraft"},"Assets/Minecraft Default PBR Resources/Lua Scripts/blocks/water.lua":{"AssetName":"Assets/Minecraft Default PBR Resources/Lua Scripts/blocks/water.lua","AssetBundleName":"lua/minecraft"},"98a4af03376ffc44eac23845c429f550":{"AssetName":"Assets/Minecraft Default PBR Resources/Lua Scripts/blocks/water.lua","AssetBundleName":"lua/minecraft"},"Assets/Minecraft Default PBR Resources/Lua Scripts/cleanup.lua":{"AssetName":"Assets/Minecraft Default PBR Resources/Lua Scripts/cleanup.lua","AssetBundleName":"lua/minecraft"},"76afc3e0c94e97745bd39c9cea0cf003":{"AssetName":"Assets/Minecraft Default PBR Resources/Lua Scripts/cleanup.lua","AssetBundleName":"lua/minecraft"},"Assets/Minecraft Default PBR Resources/Lua Scripts/main.lua":{"AssetName":"Assets/Minecraft Default PBR Resources/Lua Scripts/main.lua","AssetBundleName":"lua/minecraft"},"1a6a92d6ca8f32544a111cdbc2aa3f8f":{"AssetName":"Assets/Minecraft Default PBR Resources/Lua Scripts/main.lua","AssetBundleName":"lua/minecraft"},"Assets/XLua/Lua Src/perf/memory.lua":{"AssetName":"Assets/XLua/Lua Src/perf/memory.lua","AssetBundleName":"lua/xlua"},"2501206e75024c74da5d2ca43bbdeb72":{"AssetName":"Assets/XLua/Lua Src/perf/memory.lua","AssetBundleName":"lua/xlua"},"Assets/XLua/Lua Src/perf/profiler.lua":{"AssetName":"Assets/XLua/Lua Src/perf/profiler.lua","AssetBundleName":"lua/xlua"},"1aa88a1020964e043b69edb12f90c34c":{"AssetName":"Assets/XLua/Lua Src/perf/profiler.lua","AssetBundleName":"lua/xlua"},"Assets/XLua/Lua Src/tdr/tdr.lua":{"AssetName":"Assets/XLua/Lua Src/tdr/tdr.lua","AssetBundleName":"lua/xlua"},"71b5c311487d01a488ecf3b0325d7b25":{"AssetName":"Assets/XLua/Lua Src/tdr/tdr.lua","AssetBundleName":"lua/xlua"},"Assets/XLua/Lua Src/xlua/util.lua":{"AssetName":"Assets/XLua/Lua Src/xlua/util.lua","AssetBundleName":"lua/xlua"},"1ed7597b4849e544a8c921c4ad24ec31":{"AssetName":"Assets/XLua/Lua Src/xlua/util.lua","AssetBundleName":"lua/xlua"},"Assets/Minecraft Default PBR Resources/Block Materials/Fluid Blocks (PBR).mat":{"AssetName":"Assets/Minecraft Default PBR Resources/Block Materials/Fluid Blocks (PBR).mat","AssetBundleName":"materials"},"31047685e64a061468f4920a0841b948":{"AssetName":"Assets/Minecraft Default PBR Resources/Block Materials/Fluid Blocks (PBR).mat","AssetBundleName":"materials"},"Assets/Minecraft Default PBR Resources/Block Materials/Foliage Blocks (PBR).mat":{"AssetName":"Assets/Minecraft Default PBR Resources/Block Materials/Foliage Blocks (PBR).mat","AssetBundleName":"materials"},"03282efb6c9d4294da5d6bea33521558":{"AssetName":"Assets/Minecraft Default PBR Resources/Block Materials/Foliage Blocks (PBR).mat","AssetBundleName":"materials"},"Assets/Minecraft Default PBR Resources/Block Materials/Solid Blocks (PBR).mat":{"AssetName":"Assets/Minecraft Default PBR Resources/Block Materials/Solid Blocks (PBR).mat","AssetBundleName":"materials"},"da5305b249bd56642b16bff05c2f0093":{"AssetName":"Assets/Minecraft Default PBR Resources/Block Materials/Solid Blocks (PBR).mat","AssetBundleName":"materials"},"Assets/Minecraft Default PBR Resources/Block Materials/Water Block (PBR).mat":{"AssetName":"Assets/Minecraft Default PBR Resources/Block Materials/Water Block (PBR).mat","AssetBundleName":"materials"},"0b3ad422c14bb1a4fb9d66e5af2383c4":{"AssetName":"Assets/Minecraft Default PBR Resources/Block Materials/Water Block (PBR).mat","AssetBundleName":"materials"},"Assets/Minecraft Default PBR Resources/Block Meshes/cross.asset":{"AssetName":"Assets/Minecraft Default PBR Resources/Block Meshes/cross.asset","AssetBundleName":"meshes"},"90a8756e524d4fe458792a8909568f88":{"AssetName":"Assets/Minecraft Default PBR Resources/Block Meshes/cross.asset","AssetBundleName":"meshes"},"Assets/Minecraft Default PBR Resources/Block Meshes/cube_fluid.asset":{"AssetName":"Assets/Minecraft Default PBR Resources/Block Meshes/cube_fluid.asset","AssetBundleName":"meshes"},"b2f7e25691baa2e4eaca5a05b22eb6a1":{"AssetName":"Assets/Minecraft Default PBR Resources/Block Meshes/cube_fluid.asset","AssetBundleName":"meshes"},"Assets/Minecraft Default PBR Resources/Block Meshes/cube_half.asset":{"AssetName":"Assets/Minecraft Default PBR Resources/Block Meshes/cube_half.asset","AssetBundleName":"meshes"},"b63c449be347bb241bd83b956db9653d":{"AssetName":"Assets/Minecraft Default PBR Resources/Block Meshes/cube_half.asset","AssetBundleName":"meshes"},"Assets/Minecraft Default PBR Resources/Block Meshes/cube_normal.asset":{"AssetName":"Assets/Minecraft Default PBR Resources/Block Meshes/cube_normal.asset","AssetBundleName":"meshes"},"0de41f8d340969449b7147a7b50078c6":{"AssetName":"Assets/Minecraft Default PBR Resources/Block Meshes/cube_normal.asset","AssetBundleName":"meshes"},"Assets/Minecraft Default PBR Resources/Block Meshes/empty.asset":{"AssetName":"Assets/Minecraft Default PBR Resources/Block Meshes/empty.asset","AssetBundleName":"meshes"},"615dece8af05b5f4e8bd9ee9b8f57c06":{"AssetName":"Assets/Minecraft Default PBR Resources/Block Meshes/empty.asset","AssetBundleName":"meshes"},"Assets/Minecraft Default PBR Resources/Block Meshes/torch.asset":{"AssetName":"Assets/Minecraft Default PBR Resources/Block Meshes/torch.asset","AssetBundleName":"meshes"},"81d188c938e946c439c99f82e78ff2e8":{"AssetName":"Assets/Minecraft Default PBR Resources/Block Meshes/torch.asset","AssetBundleName":"meshes"},"Assets/Minecraft Default PBR Resources/Block Meshes/wall_torch.asset":{"AssetName":"Assets/Minecraft Default PBR Resources/Block Meshes/wall_torch.asset","AssetBundleName":"meshes"},"4a3e79131fe90fc4888745f2af4b9a95":{"AssetName":"Assets/Minecraft Default PBR Resources/Block Meshes/wall_torch.asset","AssetBundleName":"meshes"},"Assets/Minecraft Default PBR Resources/Shaders/CommonFluidPBR.shader":{"AssetName":"Assets/Minecraft Default PBR Resources/Shaders/CommonFluidPBR.shader","AssetBundleName":"shaders"},"5771a78173448de41b68b51f7948c5c4":{"AssetName":"Assets/Minecraft Default PBR Resources/Shaders/CommonFluidPBR.shader","AssetBundleName":"shaders"},"Assets/Minecraft Default PBR Resources/Shaders/CommonFoliagePBR.shader":{"AssetName":"Assets/Minecraft Default PBR Resources/Shaders/CommonFoliagePBR.shader","AssetBundleName":"shaders"},"99f68e25acfaaf143af84a7a13ecc9c5":{"AssetName":"Assets/Minecraft Default PBR Resources/Shaders/CommonFoliagePBR.shader","AssetBundleName":"shaders"},"Assets/Minecraft Default PBR Resources/Shaders/CommonSolidPBR.shader":{"AssetName":"Assets/Minecraft Default PBR Resources/Shaders/CommonSolidPBR.shader","AssetBundleName":"shaders"},"fae324be33569ef4cbc584f2ec1a5e09":{"AssetName":"Assets/Minecraft Default PBR Resources/Shaders/CommonSolidPBR.shader","AssetBundleName":"shaders"},"Assets/Minecraft Default PBR Resources/Shaders/WaterPBR.shader":{"AssetName":"Assets/Minecraft Default PBR Resources/Shaders/WaterPBR.shader","AssetBundleName":"shaders"},"d48a07481fede1343aa19ada2da9c48a":{"AssetName":"Assets/Minecraft Default PBR Resources/Shaders/WaterPBR.shader","AssetBundleName":"shaders"},"Assets/Minecraft Default PBR Resources/Tables/BiomeTable.asset":{"AssetName":"Assets/Minecraft Default PBR Resources/Tables/BiomeTable.asset","AssetBundleName":"tables"},"f050f034f517a5e4ca906fe535825f57":{"AssetName":"Assets/Minecraft Default PBR Resources/Tables/BiomeTable.asset","AssetBundleName":"tables"},"Assets/Minecraft Default PBR Resources/Tables/BlockTable.asset":{"AssetName":"Assets/Minecraft Default PBR Resources/Tables/BlockTable.asset","AssetBundleName":"tables"},"1a170f40340761344af8b729917719f6":{"AssetName":"Assets/Minecraft Default PBR Resources/Tables/BlockTable.asset","AssetBundleName":"tables"},"Assets/Minecraft Default PBR Resources/Block Textures/bedrock.png":{"AssetName":"Assets/Minecraft Default PBR Resources/Block Textures/bedrock.png","AssetBundleName":"textures"},"e329207515de1ee4899511dadf629e47":{"AssetName":"Assets/Minecraft Default PBR Resources/Block Textures/bedrock.png","AssetBundleName":"textures"},"Assets/Minecraft Default PBR Resources/Block Textures/bedrock_mer.png":{"AssetName":"Assets/Minecraft Default PBR Resources/Block Textures/bedrock_mer.png","AssetBundleName":"textures"},"6d01fb465933bfc48975c40d96be785d":{"AssetName":"Assets/Minecraft Default PBR Resources/Block Textures/bedrock_mer.png","AssetBundleName":"textures"},"Assets/Minecraft Default PBR Resources/Block Textures/bedrock_normal.png":{"AssetName":"Assets/Minecraft Default PBR Resources/Block Textures/bedrock_normal.png","AssetBundleName":"textures"},"7adcc8aa6e547b140ba47c4ffc3b4628":{"AssetName":"Assets/Minecraft Default PBR Resources/Block Textures/bedrock_normal.png","AssetBundleName":"textures"},"Assets/Minecraft Default PBR Resources/Block Textures/bookshelf.png":{"AssetName":"Assets/Minecraft Default PBR Resources/Block Textures/bookshelf.png","AssetBundleName":"textures"},"6e31eac0efd93684a964664793aebca1":{"AssetName":"Assets/Minecraft Default PBR Resources/Block Textures/bookshelf.png","AssetBundleName":"textures"},"Assets/Minecraft Default PBR Resources/Block Textures/bookshelf_mer.png":{"AssetName":"Assets/Minecraft Default PBR Resources/Block Textures/bookshelf_mer.png","AssetBundleName":"textures"},"099114efd94f4364ba5f920f974e5ca3":{"AssetName":"Assets/Minecraft Default PBR Resources/Block Textures/bookshelf_mer.png","AssetBundleName":"textures"},"Assets/Minecraft Default PBR Resources/Block Textures/bookshelf_normal.png":{"AssetName":"Assets/Minecraft Default PBR Resources/Block Textures/bookshelf_normal.png","AssetBundleName":"textures"},"9f2863f920cf0bd44af20b384acce73c":{"AssetName":"Assets/Minecraft Default PBR Resources/Block Textures/bookshelf_normal.png","AssetBundleName":"textures"},"Assets/Minecraft Default PBR Resources/Block Textures/brick.png":{"AssetName":"Assets/Minecraft Default PBR Resources/Block Textures/brick.png","AssetBundleName":"textures"},"85a462483b07ae345b001a3115f6e702":{"AssetName":"Assets/Minecraft Default PBR Resources/Block Textures/brick.png","AssetBundleName":"textures"},"Assets/Minecraft Default PBR Resources/Block Textures/brick_mer.png":{"AssetName":"Assets/Minecraft Default PBR Resources/Block Textures/brick_mer.png","AssetBundleName":"textures"},"a3e36e7ed7f1c1542a5f0a44e9cfffb7":{"AssetName":"Assets/Minecraft Default PBR Resources/Block Textures/brick_mer.png","AssetBundleName":"textures"},"Assets/Minecraft Default PBR Resources/Block Textures/brick_normal.png":{"AssetName":"Assets/Minecraft Default PBR Resources/Block Textures/brick_normal.png","AssetBundleName":"textures"},"cf2dee0587db6d449b826e2001232380":{"AssetName":"Assets/Minecraft Default PBR Resources/Block Textures/brick_normal.png","AssetBundleName":"textures"},"Assets/Minecraft Default PBR Resources/Block Textures/cactus_bottom.tga":{"AssetName":"Assets/Minecraft Default PBR Resources/Block Textures/cactus_bottom.tga","AssetBundleName":"textures"},"bc50aa5bf164b334b95ec3cadcca2a60":{"AssetName":"Assets/Minecraft Default PBR Resources/Block Textures/cactus_bottom.tga","AssetBundleName":"textures"},"Assets/Minecraft Default PBR Resources/Block Textures/cactus_bottom_mer.png":{"AssetName":"Assets/Minecraft Default PBR Resources/Block Textures/cactus_bottom_mer.png","AssetBundleName":"textures"},"948bb7ca2a28b56498b77588918f2a2b":{"AssetName":"Assets/Minecraft Default PBR Resources/Block Textures/cactus_bottom_mer.png","AssetBundleName":"textures"},"Assets/Minecraft Default PBR Resources/Block Textures/cactus_bottom_normal.png":{"AssetName":"Assets/Minecraft Default PBR Resources/Block Textures/cactus_bottom_normal.png","AssetBundleName":"textures"},"f0ceb7c17cb8fa0408a9cbd0e3720f06":{"AssetName":"Assets/Minecraft Default PBR Resources/Block Textures/cactus_bottom_normal.png","AssetBundleName":"textures"},"Assets/Minecraft Default PBR Resources/Block Textures/cactus_side.tga":{"AssetName":"Assets/Minecraft Default PBR Resources/Block Textures/cactus_side.tga","AssetBundleName":"textures"},"39613b1dca3cf494a94d27f750bc5229":{"AssetName":"Assets/Minecraft Default PBR Resources/Block Textures/cactus_side.tga","AssetBundleName":"textures"},"Assets/Minecraft Default PBR Resources/Block Textures/cactus_side_mer.png":{"AssetName":"Assets/Minecraft Default PBR Resources/Block Textures/cactus_side_mer.png","AssetBundleName":"textures"},"78c1f9f2172570945a4e775ef30c4dd5":{"AssetName":"Assets/Minecraft Default PBR Resources/Block Textures/cactus_side_mer.png","AssetBundleName":"textures"},"Assets/Minecraft Default PBR Resources/Block Textures/cactus_side_normal.png":{"AssetName":"Assets/Minecraft Default PBR Resources/Block Textures/cactus_side_normal.png","AssetBundleName":"textures"},"adecc4d72a1c4de4997d6cc3beb45611":{"AssetName":"Assets/Minecraft Default PBR Resources/Block Textures/cactus_side_normal.png","AssetBundleName":"textures"},"Assets/Minecraft Default PBR Resources/Block Textures/cactus_top.tga":{"AssetName":"Assets/Minecraft Default PBR Resources/Block Textures/cactus_top.tga","AssetBundleName":"textures"},"f4a8034eb42312f4cbb9f3ad94643b25":{"AssetName":"Assets/Minecraft Default PBR Resources/Block Textures/cactus_top.tga","AssetBundleName":"textures"},"Assets/Minecraft Default PBR Resources/Block Textures/cactus_top_mer.png":{"AssetName":"Assets/Minecraft Default PBR Resources/Block Textures/cactus_top_mer.png","AssetBundleName":"textures"},"08dc72d8305e7a5439fa7989581054d9":{"AssetName":"Assets/Minecraft Default PBR Resources/Block Textures/cactus_top_mer.png","AssetBundleName":"textures"},"Assets/Minecraft Default PBR Resources/Block Textures/cactus_top_normal.png":{"AssetName":"Assets/Minecraft Default PBR Resources/Block Textures/cactus_top_normal.png","AssetBundleName":"textures"},"44315aaf6399fdc408227f6b1202fd0e":{"AssetName":"Assets/Minecraft Default PBR Resources/Block Textures/cactus_top_normal.png","AssetBundleName":"textures"},"Assets/Minecraft Default PBR Resources/Block Textures/coal_ore.png":{"AssetName":"Assets/Minecraft Default PBR Resources/Block Textures/coal_ore.png","AssetBundleName":"textures"},"4b2f289fce1d97c408ef1634c97ec433":{"AssetName":"Assets/Minecraft Default PBR Resources/Block Textures/coal_ore.png","AssetBundleName":"textures"},"Assets/Minecraft Default PBR Resources/Block Textures/coal_ore_mer.png":{"AssetName":"Assets/Minecraft Default PBR Resources/Block Textures/coal_ore_mer.png","AssetBundleName":"textures"},"b6df3012202481a4d9c1fd659e006c44":{"AssetName":"Assets/Minecraft Default PBR Resources/Block Textures/coal_ore_mer.png","AssetBundleName":"textures"},"Assets/Minecraft Default PBR Resources/Block Textures/coal_ore_normal.png":{"AssetName":"Assets/Minecraft Default PBR Resources/Block Textures/coal_ore_normal.png","AssetBundleName":"textures"},"0978e14c27d023747b847c3822f79915":{"AssetName":"Assets/Minecraft Default PBR Resources/Block Textures/coal_ore_normal.png","AssetBundleName":"textures"},"Assets/Minecraft Default PBR Resources/Block Textures/concrete_gray.png":{"AssetName":"Assets/Minecraft Default PBR Resources/Block Textures/concrete_gray.png","AssetBundleName":"textures"},"3a2a1df75c946fa4e934538f988a29fb":{"AssetName":"Assets/Minecraft Default PBR Resources/Block Textures/concrete_gray.png","AssetBundleName":"textures"},"Assets/Minecraft Default PBR Resources/Block Textures/concrete_gray_mer.png":{"AssetName":"Assets/Minecraft Default PBR Resources/Block Textures/concrete_gray_mer.png","AssetBundleName":"textures"},"511c4994f51b6b04195824cf2d0cd8bb":{"AssetName":"Assets/Minecraft Default PBR Resources/Block Textures/concrete_gray_mer.png","AssetBundleName":"textures"},"Assets/Minecraft Default PBR Resources/Block Textures/concrete_gray_normal.png":{"AssetName":"Assets/Minecraft Default PBR Resources/Block Textures/concrete_gray_normal.png","AssetBundleName":"textures"},"56c91cedae53cbd498aef8a15717ef22":{"AssetName":"Assets/Minecraft Default PBR Resources/Block Textures/concrete_gray_normal.png","AssetBundleName":"textures"},"Assets/Minecraft Default PBR Resources/Block Textures/concrete_white.png":{"AssetName":"Assets/Minecraft Default PBR Resources/Block Textures/concrete_white.png","AssetBundleName":"textures"},"b580340ad7ec0ff459bd9e4836da452a":{"AssetName":"Assets/Minecraft Default PBR Resources/Block Textures/concrete_white.png","AssetBundleName":"textures"},"Assets/Minecraft Default PBR Resources/Block Textures/concrete_white_mer.png":{"AssetName":"Assets/Minecraft Default PBR Resources/Block Textures/concrete_white_mer.png","AssetBundleName":"textures"},"b5cea8ac95f5fb644a3fe829b9819a08":{"AssetName":"Assets/Minecraft Default PBR Resources/Block Textures/concrete_white_mer.png","AssetBundleName":"textures"},"Assets/Minecraft Default PBR Resources/Block Textures/concrete_white_normal.png":{"AssetName":"Assets/Minecraft Default PBR Resources/Block Textures/concrete_white_normal.png","AssetBundleName":"textures"},"3517e8fb01f54584fa1af4c6c77709b1":{"AssetName":"Assets/Minecraft Default PBR Resources/Block Textures/concrete_white_normal.png","AssetBundleName":"textures"},"Assets/Minecraft Default PBR Resources/Block Textures/diamond_ore.png":{"AssetName":"Assets/Minecraft Default PBR Resources/Block Textures/diamond_ore.png","AssetBundleName":"textures"},"b9042fc50cf3eb042944505cfe9a6e32":{"AssetName":"Assets/Minecraft Default PBR Resources/Block Textures/diamond_ore.png","AssetBundleName":"textures"},"Assets/Minecraft Default PBR Resources/Block Textures/diamond_ore_mer.png":{"AssetName":"Assets/Minecraft Default PBR Resources/Block Textures/diamond_ore_mer.png","AssetBundleName":"textures"},"15392451bafc69d48b21cf983b6f458b":{"AssetName":"Assets/Minecraft Default PBR Resources/Block Textures/diamond_ore_mer.png","AssetBundleName":"textures"},"Assets/Minecraft Default PBR Resources/Block Textures/diamond_ore_normal.png":{"AssetName":"Assets/Minecraft Default PBR Resources/Block Textures/diamond_ore_normal.png","AssetBundleName":"textures"},"4a5e003a88728aa478181a9c6235e053":{"AssetName":"Assets/Minecraft Default PBR Resources/Block Textures/diamond_ore_normal.png","AssetBundleName":"textures"},"Assets/Minecraft Default PBR Resources/Block Textures/dirt.png":{"AssetName":"Assets/Minecraft Default PBR Resources/Block Textures/dirt.png","AssetBundleName":"textures"},"93d2494ec2c3e394699b3647fec70bf0":{"AssetName":"Assets/Minecraft Default PBR Resources/Block Textures/dirt.png","AssetBundleName":"textures"},"Assets/Minecraft Default PBR Resources/Block Textures/dirt_mer.png":{"AssetName":"Assets/Minecraft Default PBR Resources/Block Textures/dirt_mer.png","AssetBundleName":"textures"},"a1c30c59b2e16d14c8d1ec8322097255":{"AssetName":"Assets/Minecraft Default PBR Resources/Block Textures/dirt_mer.png","AssetBundleName":"textures"},"Assets/Minecraft Default PBR Resources/Block Textures/dirt_normal.png":{"AssetName":"Assets/Minecraft Default PBR Resources/Block Textures/dirt_normal.png","AssetBundleName":"textures"},"12e9d03419492bb4dab515551609d5dd":{"AssetName":"Assets/Minecraft Default PBR Resources/Block Textures/dirt_normal.png","AssetBundleName":"textures"},"Assets/Minecraft Default PBR Resources/Block Textures/flower_rose.tga":{"AssetName":"Assets/Minecraft Default PBR Resources/Block Textures/flower_rose.tga","AssetBundleName":"textures"},"1c65542e27011d844841169d71360ed5":{"AssetName":"Assets/Minecraft Default PBR Resources/Block Textures/flower_rose.tga","AssetBundleName":"textures"},"Assets/Minecraft Default PBR Resources/Block Textures/flower_rose_mer.png":{"AssetName":"Assets/Minecraft Default PBR Resources/Block Textures/flower_rose_mer.png","AssetBundleName":"textures"},"3a3d31b244e10c84094d518c3e5a38c0":{"AssetName":"Assets/Minecraft Default PBR Resources/Block Textures/flower_rose_mer.png","AssetBundleName":"textures"},"Assets/Minecraft Default PBR Resources/Block Textures/flower_rose_normal.png":{"AssetName":"Assets/Minecraft Default PBR Resources/Block Textures/flower_rose_normal.png","AssetBundleName":"textures"},"874ad6cd683fd7a4db7a9db8dee5eada":{"AssetName":"Assets/Minecraft Default PBR Resources/Block Textures/flower_rose_normal.png","AssetBundleName":"textures"},"Assets/Minecraft Default PBR Resources/Block Textures/glass.tga":{"AssetName":"Assets/Minecraft Default PBR Resources/Block Textures/glass.tga","AssetBundleName":"textures"},"97b1f84471f244f42b604553a9cc1ddb":{"AssetName":"Assets/Minecraft Default PBR Resources/Block Textures/glass.tga","AssetBundleName":"textures"},"Assets/Minecraft Default PBR Resources/Block Textures/glass_mer.png":{"AssetName":"Assets/Minecraft Default PBR Resources/Block Textures/glass_mer.png","AssetBundleName":"textures"},"a5c016c8bb4fb114b97487a9fde240cf":{"AssetName":"Assets/Minecraft Default PBR Resources/Block Textures/glass_mer.png","AssetBundleName":"textures"},"Assets/Minecraft Default PBR Resources/Block Textures/glass_normal.png":{"AssetName":"Assets/Minecraft Default PBR Resources/Block Textures/glass_normal.png","AssetBundleName":"textures"},"eaa7b431740382543a2bacc8fb053e57":{"AssetName":"Assets/Minecraft Default PBR Resources/Block Textures/glass_normal.png","AssetBundleName":"textures"},"Assets/Minecraft Default PBR Resources/Block Textures/glowstone.png":{"AssetName":"Assets/Minecraft Default PBR Resources/Block Textures/glowstone.png","AssetBundleName":"textures"},"3f4c759c4cc976044b21f108390c91d6":{"AssetName":"Assets/Minecraft Default PBR Resources/Block Textures/glowstone.png","AssetBundleName":"textures"},"Assets/Minecraft Default PBR Resources/Block Textures/glowstone_mer.png":{"AssetName":"Assets/Minecraft Default PBR Resources/Block Textures/glowstone_mer.png","AssetBundleName":"textures"},"2dffaaf673929304d888aa59e729b0f9":{"AssetName":"Assets/Minecraft Default PBR Resources/Block Textures/glowstone_mer.png","AssetBundleName":"textures"},"Assets/Minecraft Default PBR Resources/Block Textures/glowstone_normal.png":{"AssetName":"Assets/Minecraft Default PBR Resources/Block Textures/glowstone_normal.png","AssetBundleName":"textures"},"66de5a91a9f85984f9bf07756479139a":{"AssetName":"Assets/Minecraft Default PBR Resources/Block Textures/glowstone_normal.png","AssetBundleName":"textures"},"Assets/Minecraft Default PBR Resources/Block Textures/gold_block.png":{"AssetName":"Assets/Minecraft Default PBR Resources/Block Textures/gold_block.png","AssetBundleName":"textures"},"2ff19db0aef00534296bc1c0be8e269e":{"AssetName":"Assets/Minecraft Default PBR Resources/Block Textures/gold_block.png","AssetBundleName":"textures"},"Assets/Minecraft Default PBR Resources/Block Textures/gold_block_mer.png":{"AssetName":"Assets/Minecraft Default PBR Resources/Block Textures/gold_block_mer.png","AssetBundleName":"textures"},"c5d410af615dbf540b9a89805c761efd":{"AssetName":"Assets/Minecraft Default PBR Resources/Block Textures/gold_block_mer.png","AssetBundleName":"textures"},"Assets/Minecraft Default PBR Resources/Block Textures/gold_block_normal.png":{"AssetName":"Assets/Minecraft Default PBR Resources/Block Textures/gold_block_normal.png","AssetBundleName":"textures"},"fbec4621fbfe44e47af01eb6d53635e9":{"AssetName":"Assets/Minecraft Default PBR Resources/Block Textures/gold_block_normal.png","AssetBundleName":"textures"},"Assets/Minecraft Default PBR Resources/Block Textures/gold_ore.png":{"AssetName":"Assets/Minecraft Default PBR Resources/Block Textures/gold_ore.png","AssetBundleName":"textures"},"6dc994abcf4eb0f43b8043a96b7750b6":{"AssetName":"Assets/Minecraft Default PBR Resources/Block Textures/gold_ore.png","AssetBundleName":"textures"},"Assets/Minecraft Default PBR Resources/Block Textures/gold_ore_mer.png":{"AssetName":"Assets/Minecraft Default PBR Resources/Block Textures/gold_ore_mer.png","AssetBundleName":"textures"},"b6491c23eeac3ae449f35c0908cc5ce4":{"AssetName":"Assets/Minecraft Default PBR Resources/Block Textures/gold_ore_mer.png","AssetBundleName":"textures"},"Assets/Minecraft Default PBR Resources/Block Textures/gold_ore_normal.png":{"AssetName":"Assets/Minecraft Default PBR Resources/Block Textures/gold_ore_normal.png","AssetBundleName":"textures"},"546ef89712283db4186fc4f8759e0128":{"AssetName":"Assets/Minecraft Default PBR Resources/Block Textures/gold_ore_normal.png","AssetBundleName":"textures"},"Assets/Minecraft Default PBR Resources/Block Textures/grass_side.png":{"AssetName":"Assets/Minecraft Default PBR Resources/Block Textures/grass_side.png","AssetBundleName":"textures"},"3960eeff40728de4cab94b15b90ad64a":{"AssetName":"Assets/Minecraft Default PBR Resources/Block Textures/grass_side.png","AssetBundleName":"textures"},"Assets/Minecraft Default PBR Resources/Block Textures/grass_side_mer.png":{"AssetName":"Assets/Minecraft Default PBR Resources/Block Textures/grass_side_mer.png","AssetBundleName":"textures"},"df48dd995ae76ef439bda4d1b8339270":{"AssetName":"Assets/Minecraft Default PBR Resources/Block Textures/grass_side_mer.png","AssetBundleName":"textures"},"Assets/Minecraft Default PBR Resources/Block Textures/grass_side_normal.png":{"AssetName":"Assets/Minecraft Default PBR Resources/Block Textures/grass_side_normal.png","AssetBundleName":"textures"},"90c77f5e34999c6499415ce7af11252e":{"AssetName":"Assets/Minecraft Default PBR Resources/Block Textures/grass_side_normal.png","AssetBundleName":"textures"},"Assets/Minecraft Default PBR Resources/Block Textures/grass_top.png":{"AssetName":"Assets/Minecraft Default PBR Resources/Block Textures/grass_top.png","AssetBundleName":"textures"},"ce893e34eb279a148b35f4c2cdf2cada":{"AssetName":"Assets/Minecraft Default PBR Resources/Block Textures/grass_top.png","AssetBundleName":"textures"},"Assets/Minecraft Default PBR Resources/Block Textures/grass_top_mer.png":{"AssetName":"Assets/Minecraft Default PBR Resources/Block Textures/grass_top_mer.png","AssetBundleName":"textures"},"857835698beeb6a4eb350e954bdc2560":{"AssetName":"Assets/Minecraft Default PBR Resources/Block Textures/grass_top_mer.png","AssetBundleName":"textures"},"Assets/Minecraft Default PBR Resources/Block Textures/grass_top_normal.png":{"AssetName":"Assets/Minecraft Default PBR Resources/Block Textures/grass_top_normal.png","AssetBundleName":"textures"},"f52714714efa11e458f7a3b471c4c495":{"AssetName":"Assets/Minecraft Default PBR Resources/Block Textures/grass_top_normal.png","AssetBundleName":"textures"},"Assets/Minecraft Default PBR Resources/Block Textures/gravel.png":{"AssetName":"Assets/Minecraft Default PBR Resources/Block Textures/gravel.png","AssetBundleName":"textures"},"2d5814f79916de049b8c3ca19a763944":{"AssetName":"Assets/Minecraft Default PBR Resources/Block Textures/gravel.png","AssetBundleName":"textures"},"Assets/Minecraft Default PBR Resources/Block Textures/gravel_mer.png":{"AssetName":"Assets/Minecraft Default PBR Resources/Block Textures/gravel_mer.png","AssetBundleName":"textures"},"05d9b4bcb72a5344ba216f753c2305d5":{"AssetName":"Assets/Minecraft Default PBR Resources/Block Textures/gravel_mer.png","AssetBundleName":"textures"},"Assets/Minecraft Default PBR Resources/Block Textures/gravel_normal.png":{"AssetName":"Assets/Minecraft Default PBR Resources/Block Textures/gravel_normal.png","AssetBundleName":"textures"},"d87c084ee6c1e804dbdb7c10604b1ed1":{"AssetName":"Assets/Minecraft Default PBR Resources/Block Textures/gravel_normal.png","AssetBundleName":"textures"},"Assets/Minecraft Default PBR Resources/Block Textures/iron_ore.png":{"AssetName":"Assets/Minecraft Default PBR Resources/Block Textures/iron_ore.png","AssetBundleName":"textures"},"7bf5701313181da4abf64fb8a7556476":{"AssetName":"Assets/Minecraft Default PBR Resources/Block Textures/iron_ore.png","AssetBundleName":"textures"},"Assets/Minecraft Default PBR Resources/Block Textures/iron_ore_mer.png":{"AssetName":"Assets/Minecraft Default PBR Resources/Block Textures/iron_ore_mer.png","AssetBundleName":"textures"},"d6152500cd31e5c4681fa4a1a131c07a":{"AssetName":"Assets/Minecraft Default PBR Resources/Block Textures/iron_ore_mer.png","AssetBundleName":"textures"},"Assets/Minecraft Default PBR Resources/Block Textures/iron_ore_normal.png":{"AssetName":"Assets/Minecraft Default PBR Resources/Block Textures/iron_ore_normal.png","AssetBundleName":"textures"},"626f3d77b0e73e24d8f428bfab4678e8":{"AssetName":"Assets/Minecraft Default PBR Resources/Block Textures/iron_ore_normal.png","AssetBundleName":"textures"},"Assets/Minecraft Default PBR Resources/Block Textures/lava_still.png":{"AssetName":"Assets/Minecraft Default PBR Resources/Block Textures/lava_still.png","AssetBundleName":"textures"},"6eb33f27663538c4db3f167db925353b":{"AssetName":"Assets/Minecraft Default PBR Resources/Block Textures/lava_still.png","AssetBundleName":"textures"},"Assets/Minecraft Default PBR Resources/Block Textures/lava_still_mer.png":{"AssetName":"Assets/Minecraft Default PBR Resources/Block Textures/lava_still_mer.png","AssetBundleName":"textures"},"1aa1dcb97a7191e45bbcd1d1271af68b":{"AssetName":"Assets/Minecraft Default PBR Resources/Block Textures/lava_still_mer.png","AssetBundleName":"textures"},"Assets/Minecraft Default PBR Resources/Block Textures/lava_still_normal.png":{"AssetName":"Assets/Minecraft Default PBR Resources/Block Textures/lava_still_normal.png","AssetBundleName":"textures"},"7085247f38438fb49bddb4c5030c9405":{"AssetName":"Assets/Minecraft Default PBR Resources/Block Textures/lava_still_normal.png","AssetBundleName":"textures"},"Assets/Minecraft Default PBR Resources/Block Textures/leaves_oak.tga":{"AssetName":"Assets/Minecraft Default PBR Resources/Block Textures/leaves_oak.tga","AssetBundleName":"textures"},"c721f118daf664e42b64697ce5262c1b":{"AssetName":"Assets/Minecraft Default PBR Resources/Block Textures/leaves_oak.tga","AssetBundleName":"textures"},"Assets/Minecraft Default PBR Resources/Block Textures/leaves_oak_carried.tga":{"AssetName":"Assets/Minecraft Default PBR Resources/Block Textures/leaves_oak_carried.tga","AssetBundleName":"textures"},"8d867044bb0e9e245a0c8557abfa23c4":{"AssetName":"Assets/Minecraft Default PBR Resources/Block Textures/leaves_oak_carried.tga","AssetBundleName":"textures"},"Assets/Minecraft Default PBR Resources/Block Textures/leaves_oak_mer.png":{"AssetName":"Assets/Minecraft Default PBR Resources/Block Textures/leaves_oak_mer.png","AssetBundleName":"textures"},"ed70600eabe5a014580c433de38622f0":{"AssetName":"Assets/Minecraft Default PBR Resources/Block Textures/leaves_oak_mer.png","AssetBundleName":"textures"},"Assets/Minecraft Default PBR Resources/Block Textures/leaves_oak_normal.png":{"AssetName":"Assets/Minecraft Default PBR Resources/Block Textures/leaves_oak_normal.png","AssetBundleName":"textures"},"5f923ce54799f3b4f83c2df4727fb87a":{"AssetName":"Assets/Minecraft Default PBR Resources/Block Textures/leaves_oak_normal.png","AssetBundleName":"textures"},"Assets/Minecraft Default PBR Resources/Block Textures/log_oak.png":{"AssetName":"Assets/Minecraft Default PBR Resources/Block Textures/log_oak.png","AssetBundleName":"textures"},"0c4365b1bcc65d449a945944f3f86538":{"AssetName":"Assets/Minecraft Default PBR Resources/Block Textures/log_oak.png","AssetBundleName":"textures"},"Assets/Minecraft Default PBR Resources/Block Textures/log_oak_mer.png":{"AssetName":"Assets/Minecraft Default PBR Resources/Block Textures/log_oak_mer.png","AssetBundleName":"textures"},"85485a371d29e9643868fa9d339210a9":{"AssetName":"Assets/Minecraft Default PBR Resources/Block Textures/log_oak_mer.png","AssetBundleName":"textures"},"Assets/Minecraft Default PBR Resources/Block Textures/log_oak_normal.png":{"AssetName":"Assets/Minecraft Default PBR Resources/Block Textures/log_oak_normal.png","AssetBundleName":"textures"},"6f05474cbe72d1440b330d02f0291c74":{"AssetName":"Assets/Minecraft Default PBR Resources/Block Textures/log_oak_normal.png","AssetBundleName":"textures"},"Assets/Minecraft Default PBR Resources/Block Textures/log_oak_top.png":{"AssetName":"Assets/Minecraft Default PBR Resources/Block Textures/log_oak_top.png","AssetBundleName":"textures"},"a4305a3a0de938e4f86fb76180b11eb8":{"AssetName":"Assets/Minecraft Default PBR Resources/Block Textures/log_oak_top.png","AssetBundleName":"textures"},"Assets/Minecraft Default PBR Resources/Block Textures/log_oak_top_mer.png":{"AssetName":"Assets/Minecraft Default PBR Resources/Block Textures/log_oak_top_mer.png","AssetBundleName":"textures"},"b5ea7f853282cca4ab64b5149668b5cc":{"AssetName":"Assets/Minecraft Default PBR Resources/Block Textures/log_oak_top_mer.png","AssetBundleName":"textures"},"Assets/Minecraft Default PBR Resources/Block Textures/log_oak_top_normal.png":{"AssetName":"Assets/Minecraft Default PBR Resources/Block Textures/log_oak_top_normal.png","AssetBundleName":"textures"},"0ff5b0322b6ff434c945aaf214f2d105":{"AssetName":"Assets/Minecraft Default PBR Resources/Block Textures/log_oak_top_normal.png","AssetBundleName":"textures"},"Assets/Minecraft Default PBR Resources/Block Textures/planks_birch.png":{"AssetName":"Assets/Minecraft Default PBR Resources/Block Textures/planks_birch.png","AssetBundleName":"textures"},"064d711ea50049647b76855c8a292e91":{"AssetName":"Assets/Minecraft Default PBR Resources/Block Textures/planks_birch.png","AssetBundleName":"textures"},"Assets/Minecraft Default PBR Resources/Block Textures/planks_birch_mer.png":{"AssetName":"Assets/Minecraft Default PBR Resources/Block Textures/planks_birch_mer.png","AssetBundleName":"textures"},"18989f4fac2d62748b9f20e00d7e68cb":{"AssetName":"Assets/Minecraft Default PBR Resources/Block Textures/planks_birch_mer.png","AssetBundleName":"textures"},"Assets/Minecraft Default PBR Resources/Block Textures/planks_birch_normal.png":{"AssetName":"Assets/Minecraft Default PBR Resources/Block Textures/planks_birch_normal.png","AssetBundleName":"textures"},"7d09b0e39334e7848be1b74fe16ef55b":{"AssetName":"Assets/Minecraft Default PBR Resources/Block Textures/planks_birch_normal.png","AssetBundleName":"textures"},"Assets/Minecraft Default PBR Resources/Block Textures/planks_oak.png":{"AssetName":"Assets/Minecraft Default PBR Resources/Block Textures/planks_oak.png","AssetBundleName":"textures"},"c1082fc46a702a445b9513486f840235":{"AssetName":"Assets/Minecraft Default PBR Resources/Block Textures/planks_oak.png","AssetBundleName":"textures"},"Assets/Minecraft Default PBR Resources/Block Textures/planks_oak_mer.png":{"AssetName":"Assets/Minecraft Default PBR Resources/Block Textures/planks_oak_mer.png","AssetBundleName":"textures"},"d280476c401b04245babe7b05c2c877e":{"AssetName":"Assets/Minecraft Default PBR Resources/Block Textures/planks_oak_mer.png","AssetBundleName":"textures"},"Assets/Minecraft Default PBR Resources/Block Textures/planks_oak_normal.png":{"AssetName":"Assets/Minecraft Default PBR Resources/Block Textures/planks_oak_normal.png","AssetBundleName":"textures"},"4e1ab34ec26d0d248b2377b8a998e8c9":{"AssetName":"Assets/Minecraft Default PBR Resources/Block Textures/planks_oak_normal.png","AssetBundleName":"textures"},"Assets/Minecraft Default PBR Resources/Block Textures/quartz_block_side.png":{"AssetName":"Assets/Minecraft Default PBR Resources/Block Textures/quartz_block_side.png","AssetBundleName":"textures"},"9e8ad7d94fc4f2046ae4904c066c5a80":{"AssetName":"Assets/Minecraft Default PBR Resources/Block Textures/quartz_block_side.png","AssetBundleName":"textures"},"Assets/Minecraft Default PBR Resources/Block Textures/quartz_block_side_mer.png":{"AssetName":"Assets/Minecraft Default PBR Resources/Block Textures/quartz_block_side_mer.png","AssetBundleName":"textures"},"57ab5104eaa33ca43b96bd828bc144ce":{"AssetName":"Assets/Minecraft Default PBR Resources/Block Textures/quartz_block_side_mer.png","AssetBundleName":"textures"},"Assets/Minecraft Default PBR Resources/Block Textures/quartz_block_side_normal.png":{"AssetName":"Assets/Minecraft Default PBR Resources/Block Textures/quartz_block_side_normal.png","AssetBundleName":"textures"},"5ee9c04024dca174084a4db45d86c914":{"AssetName":"Assets/Minecraft Default PBR Resources/Block Textures/quartz_block_side_normal.png","AssetBundleName":"textures"},"Assets/Minecraft Default PBR Resources/Block Textures/quartz_block_top.png":{"AssetName":"Assets/Minecraft Default PBR Resources/Block Textures/quartz_block_top.png","AssetBundleName":"textures"},"3b6cf90f590edc24785ca3bc21efcc14":{"AssetName":"Assets/Minecraft Default PBR Resources/Block Textures/quartz_block_top.png","AssetBundleName":"textures"},"Assets/Minecraft Default PBR Resources/Block Textures/quartz_block_top_mer.png":{"AssetName":"Assets/Minecraft Default PBR Resources/Block Textures/quartz_block_top_mer.png","AssetBundleName":"textures"},"2a70725caa7b780419b4f201f7185e7c":{"AssetName":"Assets/Minecraft Default PBR Resources/Block Textures/quartz_block_top_mer.png","AssetBundleName":"textures"},"Assets/Minecraft Default PBR Resources/Block Textures/quartz_block_top_normal.png":{"AssetName":"Assets/Minecraft Default PBR Resources/Block Textures/quartz_block_top_normal.png","AssetBundleName":"textures"},"e8a7f493cbfe3034db7412121406b715":{"AssetName":"Assets/Minecraft Default PBR Resources/Block Textures/quartz_block_top_normal.png","AssetBundleName":"textures"},"Assets/Minecraft Default PBR Resources/Block Textures/redstone_ore.png":{"AssetName":"Assets/Minecraft Default PBR Resources/Block Textures/redstone_ore.png","AssetBundleName":"textures"},"46242af2587a23745a0009b7aa505e2a":{"AssetName":"Assets/Minecraft Default PBR Resources/Block Textures/redstone_ore.png","AssetBundleName":"textures"},"Assets/Minecraft Default PBR Resources/Block Textures/redstone_ore_mer.png":{"AssetName":"Assets/Minecraft Default PBR Resources/Block Textures/redstone_ore_mer.png","AssetBundleName":"textures"},"0f311ff129272e84fa967e666df55740":{"AssetName":"Assets/Minecraft Default PBR Resources/Block Textures/redstone_ore_mer.png","AssetBundleName":"textures"},"Assets/Minecraft Default PBR Resources/Block Textures/redstone_ore_normal.png":{"AssetName":"Assets/Minecraft Default PBR Resources/Block Textures/redstone_ore_normal.png","AssetBundleName":"textures"},"091f82c657ecc354ab9d9f59c6467bee":{"AssetName":"Assets/Minecraft Default PBR Resources/Block Textures/redstone_ore_normal.png","AssetBundleName":"textures"},"Assets/Minecraft Default PBR Resources/Block Textures/sand.png":{"AssetName":"Assets/Minecraft Default PBR Resources/Block Textures/sand.png","AssetBundleName":"textures"},"6226cbbb3f3ac144cb9b8eff5e76767d":{"AssetName":"Assets/Minecraft Default PBR Resources/Block Textures/sand.png","AssetBundleName":"textures"},"Assets/Minecraft Default PBR Resources/Block Textures/sand_mer.png":{"AssetName":"Assets/Minecraft Default PBR Resources/Block Textures/sand_mer.png","AssetBundleName":"textures"},"2225e718623d4b14694643839571ff5e":{"AssetName":"Assets/Minecraft Default PBR Resources/Block Textures/sand_mer.png","AssetBundleName":"textures"},"Assets/Minecraft Default PBR Resources/Block Textures/sand_normal.png":{"AssetName":"Assets/Minecraft Default PBR Resources/Block Textures/sand_normal.png","AssetBundleName":"textures"},"e8bc5b6b81851c54d90ec99d6091af72":{"AssetName":"Assets/Minecraft Default PBR Resources/Block Textures/sand_normal.png","AssetBundleName":"textures"},"Assets/Minecraft Default PBR Resources/Block Textures/slime.tga":{"AssetName":"Assets/Minecraft Default PBR Resources/Block Textures/slime.tga","AssetBundleName":"textures"},"8f56dd7c62d292d43aba7102eb6d2733":{"AssetName":"Assets/Minecraft Default PBR Resources/Block Textures/slime.tga","AssetBundleName":"textures"},"Assets/Minecraft Default PBR Resources/Block Textures/slime_mer.png":{"AssetName":"Assets/Minecraft Default PBR Resources/Block Textures/slime_mer.png","AssetBundleName":"textures"},"a1b01f94c5dbd854dbcfc570db309f9a":{"AssetName":"Assets/Minecraft Default PBR Resources/Block Textures/slime_mer.png","AssetBundleName":"textures"},"Assets/Minecraft Default PBR Resources/Block Textures/slime_normal.png":{"AssetName":"Assets/Minecraft Default PBR Resources/Block Textures/slime_normal.png","AssetBundleName":"textures"},"77485126aa0a17d4f831d5a8bbc1d52c":{"AssetName":"Assets/Minecraft Default PBR Resources/Block Textures/slime_normal.png","AssetBundleName":"textures"},"Assets/Minecraft Default PBR Resources/Block Textures/stone.png":{"AssetName":"Assets/Minecraft Default PBR Resources/Block Textures/stone.png","AssetBundleName":"textures"},"b659d6cd22b7828449bf10570902d244":{"AssetName":"Assets/Minecraft Default PBR Resources/Block Textures/stone.png","AssetBundleName":"textures"},"Assets/Minecraft Default PBR Resources/Block Textures/stone_andesite.png":{"AssetName":"Assets/Minecraft Default PBR Resources/Block Textures/stone_andesite.png","AssetBundleName":"textures"},"52c806a3fd0a69448b03dabe118f7b77":{"AssetName":"Assets/Minecraft Default PBR Resources/Block Textures/stone_andesite.png","AssetBundleName":"textures"},"Assets/Minecraft Default PBR Resources/Block Textures/stone_andesite_mer.png":{"AssetName":"Assets/Minecraft Default PBR Resources/Block Textures/stone_andesite_mer.png","AssetBundleName":"textures"},"87996ff36b313f14fbccde1f72a18e68":{"AssetName":"Assets/Minecraft Default PBR Resources/Block Textures/stone_andesite_mer.png","AssetBundleName":"textures"},"Assets/Minecraft Default PBR Resources/Block Textures/stone_andesite_normal.png":{"AssetName":"Assets/Minecraft Default PBR Resources/Block Textures/stone_andesite_normal.png","AssetBundleName":"textures"},"8e25e4e13d1359b4fb5877beb6d2e4ed":{"AssetName":"Assets/Minecraft Default PBR Resources/Block Textures/stone_andesite_normal.png","AssetBundleName":"textures"},"Assets/Minecraft Default PBR Resources/Block Textures/stone_diorite.png":{"AssetName":"Assets/Minecraft Default PBR Resources/Block Textures/stone_diorite.png","AssetBundleName":"textures"},"6ee299a3eebb125478cf37080180865e":{"AssetName":"Assets/Minecraft Default PBR Resources/Block Textures/stone_diorite.png","AssetBundleName":"textures"},"Assets/Minecraft Default PBR Resources/Block Textures/stone_diorite_mer.png":{"AssetName":"Assets/Minecraft Default PBR Resources/Block Textures/stone_diorite_mer.png","AssetBundleName":"textures"},"d6e2ec7087862454eb867a2d6599f63f":{"AssetName":"Assets/Minecraft Default PBR Resources/Block Textures/stone_diorite_mer.png","AssetBundleName":"textures"},"Assets/Minecraft Default PBR Resources/Block Textures/stone_diorite_normal.png":{"AssetName":"Assets/Minecraft Default PBR Resources/Block Textures/stone_diorite_normal.png","AssetBundleName":"textures"},"b8b661fb3de76f24096e125000397b71":{"AssetName":"Assets/Minecraft Default PBR Resources/Block Textures/stone_diorite_normal.png","AssetBundleName":"textures"},"Assets/Minecraft Default PBR Resources/Block Textures/stone_granite.png":{"AssetName":"Assets/Minecraft Default PBR Resources/Block Textures/stone_granite.png","AssetBundleName":"textures"},"424ca5fb62e3c5a418e39e3b8dfff26f":{"AssetName":"Assets/Minecraft Default PBR Resources/Block Textures/stone_granite.png","AssetBundleName":"textures"},"Assets/Minecraft Default PBR Resources/Block Textures/stone_granite_mer.png":{"AssetName":"Assets/Minecraft Default PBR Resources/Block Textures/stone_granite_mer.png","AssetBundleName":"textures"},"451ddd037fcc6c54a85edece5ddc9683":{"AssetName":"Assets/Minecraft Default PBR Resources/Block Textures/stone_granite_mer.png","AssetBundleName":"textures"},"Assets/Minecraft Default PBR Resources/Block Textures/stone_granite_normal.png":{"AssetName":"Assets/Minecraft Default PBR Resources/Block Textures/stone_granite_normal.png","AssetBundleName":"textures"},"0d895fc9d8cf59e4e870c2df3ee798bd":{"AssetName":"Assets/Minecraft Default PBR Resources/Block Textures/stone_granite_normal.png","AssetBundleName":"textures"},"Assets/Minecraft Default PBR Resources/Block Textures/stone_mer.png":{"AssetName":"Assets/Minecraft Default PBR Resources/Block Textures/stone_mer.png","AssetBundleName":"textures"},"21cb454a7deff864db6b6bcd93b45670":{"AssetName":"Assets/Minecraft Default PBR Resources/Block Textures/stone_mer.png","AssetBundleName":"textures"},"Assets/Minecraft Default PBR Resources/Block Textures/stone_normal.png":{"AssetName":"Assets/Minecraft Default PBR Resources/Block Textures/stone_normal.png","AssetBundleName":"textures"},"c8c1b9bc8c5805245a033c201c3e73ed":{"AssetName":"Assets/Minecraft Default PBR Resources/Block Textures/stone_normal.png","AssetBundleName":"textures"},"Assets/Minecraft Default PBR Resources/Block Textures/stripped_spruce_log.png":{"AssetName":"Assets/Minecraft Default PBR Resources/Block Textures/stripped_spruce_log.png","AssetBundleName":"textures"},"30a0d15ce4dfb394ca3a858fcb506c72":{"AssetName":"Assets/Minecraft Default PBR Resources/Block Textures/stripped_spruce_log.png","AssetBundleName":"textures"},"Assets/Minecraft Default PBR Resources/Block Textures/stripped_spruce_log_mer.png":{"AssetName":"Assets/Minecraft Default PBR Resources/Block Textures/stripped_spruce_log_mer.png","AssetBundleName":"textures"},"4bdf01cd780545c4faf13436301fd60e":{"AssetName":"Assets/Minecraft Default PBR Resources/Block Textures/stripped_spruce_log_mer.png","AssetBundleName":"textures"},"Assets/Minecraft Default PBR Resources/Block Textures/stripped_spruce_log_normal.png":{"AssetName":"Assets/Minecraft Default PBR Resources/Block Textures/stripped_spruce_log_normal.png","AssetBundleName":"textures"},"baf9a90d1c7662b4594ca7d88fc746f2":{"AssetName":"Assets/Minecraft Default PBR Resources/Block Textures/stripped_spruce_log_normal.png","AssetBundleName":"textures"},"Assets/Minecraft Default PBR Resources/Block Textures/stripped_spruce_log_top.png":{"AssetName":"Assets/Minecraft Default PBR Resources/Block Textures/stripped_spruce_log_top.png","AssetBundleName":"textures"},"520903026232bfa4d9db12ec6c24f09e":{"AssetName":"Assets/Minecraft Default PBR Resources/Block Textures/stripped_spruce_log_top.png","AssetBundleName":"textures"},"Assets/Minecraft Default PBR Resources/Block Textures/stripped_spruce_log_top_mer.png":{"AssetName":"Assets/Minecraft Default PBR Resources/Block Textures/stripped_spruce_log_top_mer.png","AssetBundleName":"textures"},"09def65ce648d7a4f975c51a8fefe911":{"AssetName":"Assets/Minecraft Default PBR Resources/Block Textures/stripped_spruce_log_top_mer.png","AssetBundleName":"textures"},"Assets/Minecraft Default PBR Resources/Block Textures/stripped_spruce_log_top_normal.png":{"AssetName":"Assets/Minecraft Default PBR Resources/Block Textures/stripped_spruce_log_top_normal.png","AssetBundleName":"textures"},"b0e7126af23d3c24095bcb31ce051d72":{"AssetName":"Assets/Minecraft Default PBR Resources/Block Textures/stripped_spruce_log_top_normal.png","AssetBundleName":"textures"},"Assets/Minecraft Default PBR Resources/Block Textures/tnt_bottom.png":{"AssetName":"Assets/Minecraft Default PBR Resources/Block Textures/tnt_bottom.png","AssetBundleName":"textures"},"292bf3a5a50aee34591093775925c414":{"AssetName":"Assets/Minecraft Default PBR Resources/Block Textures/tnt_bottom.png","AssetBundleName":"textures"},"Assets/Minecraft Default PBR Resources/Block Textures/tnt_bottom_mer.png":{"AssetName":"Assets/Minecraft Default PBR Resources/Block Textures/tnt_bottom_mer.png","AssetBundleName":"textures"},"b145b64addc266e49a329f5fa26c2b22":{"AssetName":"Assets/Minecraft Default PBR Resources/Block Textures/tnt_bottom_mer.png","AssetBundleName":"textures"},"Assets/Minecraft Default PBR Resources/Block Textures/tnt_bottom_normal.png":{"AssetName":"Assets/Minecraft Default PBR Resources/Block Textures/tnt_bottom_normal.png","AssetBundleName":"textures"},"3fb2e0d7e0ab37a4a8a05583e76203ab":{"AssetName":"Assets/Minecraft Default PBR Resources/Block Textures/tnt_bottom_normal.png","AssetBundleName":"textures"},"Assets/Minecraft Default PBR Resources/Block Textures/tnt_side.png":{"AssetName":"Assets/Minecraft Default PBR Resources/Block Textures/tnt_side.png","AssetBundleName":"textures"},"a865d964040a5804f8c907be91285027":{"AssetName":"Assets/Minecraft Default PBR Resources/Block Textures/tnt_side.png","AssetBundleName":"textures"},"Assets/Minecraft Default PBR Resources/Block Textures/tnt_side_mer.png":{"AssetName":"Assets/Minecraft Default PBR Resources/Block Textures/tnt_side_mer.png","AssetBundleName":"textures"},"2b772b3f6bcfaca41bc9c5f41ab9d221":{"AssetName":"Assets/Minecraft Default PBR Resources/Block Textures/tnt_side_mer.png","AssetBundleName":"textures"},"Assets/Minecraft Default PBR Resources/Block Textures/tnt_side_normal.png":{"AssetName":"Assets/Minecraft Default PBR Resources/Block Textures/tnt_side_normal.png","AssetBundleName":"textures"},"d3ed40424e805044898f95987a13c41b":{"AssetName":"Assets/Minecraft Default PBR Resources/Block Textures/tnt_side_normal.png","AssetBundleName":"textures"},"Assets/Minecraft Default PBR Resources/Block Textures/tnt_top.png":{"AssetName":"Assets/Minecraft Default PBR Resources/Block Textures/tnt_top.png","AssetBundleName":"textures"},"8f5af8e9c5094744eb706c5b33b9a96a":{"AssetName":"Assets/Minecraft Default PBR Resources/Block Textures/tnt_top.png","AssetBundleName":"textures"},"Assets/Minecraft Default PBR Resources/Block Textures/tnt_top_mer.png":{"AssetName":"Assets/Minecraft Default PBR Resources/Block Textures/tnt_top_mer.png","AssetBundleName":"textures"},"c90431487417536469599a08bda29b9c":{"AssetName":"Assets/Minecraft Default PBR Resources/Block Textures/tnt_top_mer.png","AssetBundleName":"textures"},"Assets/Minecraft Default PBR Resources/Block Textures/tnt_top_normal.png":{"AssetName":"Assets/Minecraft Default PBR Resources/Block Textures/tnt_top_normal.png","AssetBundleName":"textures"},"89d3b0663d3110848afe54f07041ed3b":{"AssetName":"Assets/Minecraft Default PBR Resources/Block Textures/tnt_top_normal.png","AssetBundleName":"textures"},"Assets/Minecraft Default PBR Resources/Block Textures/torch_on.tga":{"AssetName":"Assets/Minecraft Default PBR Resources/Block Textures/torch_on.tga","AssetBundleName":"textures"},"60616269b0aa7074bb15579fbbbdf773":{"AssetName":"Assets/Minecraft Default PBR Resources/Block Textures/torch_on.tga","AssetBundleName":"textures"},"Assets/Minecraft Default PBR Resources/Block Textures/torch_on_mer.png":{"AssetName":"Assets/Minecraft Default PBR Resources/Block Textures/torch_on_mer.png","AssetBundleName":"textures"},"e7c13a9dc26327f4e80b50995eb08336":{"AssetName":"Assets/Minecraft Default PBR Resources/Block Textures/torch_on_mer.png","AssetBundleName":"textures"},"Assets/Minecraft Default PBR Resources/Block Textures/torch_on_normal.png":{"AssetName":"Assets/Minecraft Default PBR Resources/Block Textures/torch_on_normal.png","AssetBundleName":"textures"},"d4096dff7c716074083a795117c1390f":{"AssetName":"Assets/Minecraft Default PBR Resources/Block Textures/torch_on_normal.png","AssetBundleName":"textures"},"Assets/Minecraft Default PBR Resources/Block Textures/water_still.png":{"AssetName":"Assets/Minecraft Default PBR Resources/Block Textures/water_still.png","AssetBundleName":"textures"},"0a2a8844b169f76448939070aac16c6a":{"AssetName":"Assets/Minecraft Default PBR Resources/Block Textures/water_still.png","AssetBundleName":"textures"},"Assets/Minecraft Default PBR Resources/Block Textures/water_still_mer.png":{"AssetName":"Assets/Minecraft Default PBR Resources/Block Textures/water_still_mer.png","AssetBundleName":"textures"},"d224f8075d0412f448ecdb222bd8122c":{"AssetName":"Assets/Minecraft Default PBR Resources/Block Textures/water_still_mer.png","AssetBundleName":"textures"},"Assets/Minecraft Default PBR Resources/Block Textures/water_still_normal.png":{"AssetName":"Assets/Minecraft Default PBR Resources/Block Textures/water_still_normal.png","AssetBundleName":"textures"},"b82ed1a4331821e469e2c7b23e62dbaa":{"AssetName":"Assets/Minecraft Default PBR Resources/Block Textures/water_still_normal.png","AssetBundleName":"textures"},"Assets/Minecraft Default PBR Resources/WorldGen/WorldGenPipeline.asset":{"AssetName":"Assets/Minecraft Default PBR Resources/WorldGen/WorldGenPipeline.asset","AssetBundleName":"worldgen"},"4f02aaf9faece7b438448b5ebaf8ffaa":{"AssetName":"Assets/Minecraft Default PBR Resources/WorldGen/WorldGenPipeline.asset","AssetBundleName":"worldgen"}},"AssetBundles":{"configs/biome_table":{"FileName":"configs/biome_table","Assets":["Assets/Minecraft Default PBR Resources/Tables/Configs/biome_table.json"],"Dependencies":[]},"configs/block_table":{"FileName":"configs/block_table","Assets":["Assets/Minecraft Default PBR Resources/Tables/Configs/block_material_table.json","Assets/Minecraft Default PBR Resources/Tables/Configs/block_mesh_table.json","Assets/Minecraft Default PBR Resources/Tables/Configs/block_table.json","Assets/Minecraft Default PBR Resources/Tables/Configs/block_texture_table.json"],"Dependencies":[]},"configs/item_table":{"FileName":"configs/item_table","Assets":["Assets/Minecraft Default PBR Resources/Tables/Configs/item_table.json"],"Dependencies":[]},"effects":{"FileName":"effects","Assets":["Assets/Minecraft Default PBR Resources/Effects/Destroyed Effect.prefab","Assets/Minecraft Default PBR Resources/Effects/Explosion Effect.prefab"],"Dependencies":[]},"lua/minecraft":{"FileName":"lua/minecraft","Assets":["Assets/Minecraft Default PBR Resources/Lua Scripts/block.lua","Assets/Minecraft Default PBR Resources/Lua Scripts/blocks/gravel.lua","Assets/Minecraft Default PBR Resources/Lua Scripts/blocks/lava.lua","Assets/Minecraft Default PBR Resources/Lua Scripts/blocks/sand.lua","Assets/Minecraft Default PBR Resources/Lua Scripts/blocks/templates/fluid.lua","Assets/Minecraft Default PBR Resources/Lua Scripts/blocks/templates/gravity.lua","Assets/Minecraft Default PBR Resources/Lua Scripts/blocks/tnt.lua","Assets/Minecraft Default PBR Resources/Lua Scripts/blocks/water.lua","Assets/Minecraft Default PBR Resources/Lua Scripts/cleanup.lua","Assets/Minecraft Default PBR Resources/Lua Scripts/main.lua"],"Dependencies":[]},"lua/xlua":{"FileName":"lua/xlua","Assets":["Assets/XLua/Lua Src/perf/memory.lua","Assets/XLua/Lua Src/perf/profiler.lua","Assets/XLua/Lua Src/tdr/tdr.lua","Assets/XLua/Lua Src/xlua/util.lua"],"Dependencies":[]},"materials":{"FileName":"materials","Assets":["Assets/Minecraft Default PBR Resources/Block Materials/Fluid Blocks (PBR).mat","Assets/Minecraft Default PBR Resources/Block Materials/Foliage Blocks (PBR).mat","Assets/Minecraft Default PBR Resources/Block Materials/Solid Blocks (PBR).mat","Assets/Minecraft Default PBR Resources/Block Materials/Water Block (PBR).mat"],"Dependencies":["shaders"]},"meshes":{"FileName":"meshes","Assets":["Assets/Minecraft Default PBR Resources/Block Meshes/cross.asset","Assets/Minecraft Default PBR Resources/Block Meshes/cube_fluid.asset","Assets/Minecraft Default PBR Resources/Block Meshes/cube_half.asset","Assets/Minecraft Default PBR Resources/Block Meshes/cube_normal.asset","Assets/Minecraft Default PBR Resources/Block Meshes/empty.asset","Assets/Minecraft Default PBR Resources/Block Meshes/torch.asset","Assets/Minecraft Default PBR Resources/Block Meshes/wall_torch.asset"],"Dependencies":[]},"shaders":{"FileName":"shaders","Assets":["Assets/Minecraft Default PBR Resources/Shaders/CommonFluidPBR.shader","Assets/Minecraft Default PBR Resources/Shaders/CommonFoliagePBR.shader","Assets/Minecraft Default PBR Resources/Shaders/CommonSolidPBR.shader","Assets/Minecraft Default PBR Resources/Shaders/WaterPBR.shader"],"Dependencies":[]},"tables":{"FileName":"tables","Assets":["Assets/Minecraft Default PBR Resources/Tables/BiomeTable.asset","Assets/Minecraft Default PBR Resources/Tables/BlockTable.asset"],"Dependencies":[]},"textures":{"FileName":"textures","Assets":["Assets/Minecraft Default PBR Resources/Block Textures/bedrock.png","Assets/Minecraft Default PBR Resources/Block Textures/bedrock_mer.png","Assets/Minecraft Default PBR Resources/Block Textures/bedrock_normal.png","Assets/Minecraft Default PBR Resources/Block Textures/bookshelf.png","Assets/Minecraft Default PBR Resources/Block Textures/bookshelf_mer.png","Assets/Minecraft Default PBR Resources/Block Textures/bookshelf_normal.png","Assets/Minecraft Default PBR Resources/Block Textures/brick.png","Assets/Minecraft Default PBR Resources/Block Textures/brick_mer.png","Assets/Minecraft Default PBR Resources/Block Textures/brick_normal.png","Assets/Minecraft Default PBR Resources/Block Textures/cactus_bottom.tga","Assets/Minecraft Default PBR Resources/Block Textures/cactus_bottom_mer.png","Assets/Minecraft Default PBR Resources/Block Textures/cactus_bottom_normal.png","Assets/Minecraft Default PBR Resources/Block Textures/cactus_side.tga","Assets/Minecraft Default PBR Resources/Block Textures/cactus_side_mer.png","Assets/Minecraft Default PBR Resources/Block Textures/cactus_side_normal.png","Assets/Minecraft Default PBR Resources/Block Textures/cactus_top.tga","Assets/Minecraft Default PBR Resources/Block Textures/cactus_top_mer.png","Assets/Minecraft Default PBR Resources/Block Textures/cactus_top_normal.png","Assets/Minecraft Default PBR Resources/Block Textures/coal_ore.png","Assets/Minecraft Default PBR Resources/Block Textures/coal_ore_mer.png","Assets/Minecraft Default PBR Resources/Block Textures/coal_ore_normal.png","Assets/Minecraft Default PBR Resources/Block Textures/concrete_gray.png","Assets/Minecraft Default PBR Resources/Block Textures/concrete_gray_mer.png","Assets/Minecraft Default PBR Resources/Block Textures/concrete_gray_normal.png","Assets/Minecraft Default PBR Resources/Block Textures/concrete_white.png","Assets/Minecraft Default PBR Resources/Block Textures/concrete_white_mer.png","Assets/Minecraft Default PBR Resources/Block Textures/concrete_white_normal.png","Assets/Minecraft Default PBR Resources/Block Textures/diamond_ore.png","Assets/Minecraft Default PBR Resources/Block Textures/diamond_ore_mer.png","Assets/Minecraft Default PBR Resources/Block Textures/diamond_ore_normal.png","Assets/Minecraft Default PBR Resources/Block Textures/dirt.png","Assets/Minecraft Default PBR Resources/Block Textures/dirt_mer.png","Assets/Minecraft Default PBR Resources/Block Textures/dirt_normal.png","Assets/Minecraft Default PBR Resources/Block Textures/flower_rose.tga","Assets/Minecraft Default PBR Resources/Block Textures/flower_rose_mer.png","Assets/Minecraft Default PBR Resources/Block Textures/flower_rose_normal.png","Assets/Minecraft Default PBR Resources/Block Textures/glass.tga","Assets/Minecraft Default PBR Resources/Block Textures/glass_mer.png","Assets/Minecraft Default PBR Resources/Block Textures/glass_normal.png","Assets/Minecraft Default PBR Resources/Block Textures/glowstone.png","Assets/Minecraft Default PBR Resources/Block Textures/glowstone_mer.png","Assets/Minecraft Default PBR Resources/Block Textures/glowstone_normal.png","Assets/Minecraft Default PBR Resources/Block Textures/gold_block.png","Assets/Minecraft Default PBR Resources/Block Textures/gold_block_mer.png","Assets/Minecraft Default PBR Resources/Block Textures/gold_block_normal.png","Assets/Minecraft Default PBR Resources/Block Textures/gold_ore.png","Assets/Minecraft Default PBR Resources/Block Textures/gold_ore_mer.png","Assets/Minecraft Default PBR Resources/Block Textures/gold_ore_normal.png","Assets/Minecraft Default PBR Resources/Block Textures/grass_side.png","Assets/Minecraft Default PBR Resources/Block Textures/grass_side_mer.png","Assets/Minecraft Default PBR Resources/Block Textures/grass_side_normal.png","Assets/Minecraft Default PBR Resources/Block Textures/grass_top.png","Assets/Minecraft Default PBR Resources/Block Textures/grass_top_mer.png","Assets/Minecraft Default PBR Resources/Block Textures/grass_top_normal.png","Assets/Minecraft Default PBR Resources/Block Textures/gravel.png","Assets/Minecraft Default PBR Resources/Block Textures/gravel_mer.png","Assets/Minecraft Default PBR Resources/Block Textures/gravel_normal.png","Assets/Minecraft Default PBR Resources/Block Textures/iron_ore.png","Assets/Minecraft Default PBR Resources/Block Textures/iron_ore_mer.png","Assets/Minecraft Default PBR Resources/Block Textures/iron_ore_normal.png","Assets/Minecraft Default PBR Resources/Block Textures/lava_still.png","Assets/Minecraft Default PBR Resources/Block Textures/lava_still_mer.png","Assets/Minecraft Default PBR Resources/Block Textures/lava_still_normal.png","Assets/Minecraft Default PBR Resources/Block Textures/leaves_oak.tga","Assets/Minecraft Default PBR Resources/Block Textures/leaves_oak_carried.tga","Assets/Minecraft Default PBR Resources/Block Textures/leaves_oak_mer.png","Assets/Minecraft Default PBR Resources/Block Textures/leaves_oak_normal.png","Assets/Minecraft Default PBR Resources/Block Textures/log_oak.png","Assets/Minecraft Default PBR Resources/Block Textures/log_oak_mer.png","Assets/Minecraft Default PBR Resources/Block Textures/log_oak_normal.png","Assets/Minecraft Default PBR Resources/Block Textures/log_oak_top.png","Assets/Minecraft Default PBR Resources/Block Textures/log_oak_top_mer.png","Assets/Minecraft Default PBR Resources/Block Textures/log_oak_top_normal.png","Assets/Minecraft Default PBR Resources/Block Textures/planks_birch.png","Assets/Minecraft Default PBR Resources/Block Textures/planks_birch_mer.png","Assets/Minecraft Default PBR Resources/Block Textures/planks_birch_normal.png","Assets/Minecraft Default PBR Resources/Block Textures/planks_oak.png","Assets/Minecraft Default PBR Resources/Block Textures/planks_oak_mer.png","Assets/Minecraft Default PBR Resources/Block Textures/planks_oak_normal.png","Assets/Minecraft Default PBR Resources/Block Textures/quartz_block_side.png","Assets/Minecraft Default PBR Resources/Block Textures/quartz_block_side_mer.png","Assets/Minecraft Default PBR Resources/Block Textures/quartz_block_side_normal.png","Assets/Minecraft Default PBR Resources/Block Textures/quartz_block_top.png","Assets/Minecraft Default PBR Resources/Block Textures/quartz_block_top_mer.png","Assets/Minecraft Default PBR Resources/Block Textures/quartz_block_top_normal.png","Assets/Minecraft Default PBR Resources/Block Textures/redstone_ore.png","Assets/Minecraft Default PBR Resources/Block Textures/redstone_ore_mer.png","Assets/Minecraft Default PBR Resources/Block Textures/redstone_ore_normal.png","Assets/Minecraft Default PBR Resources/Block Textures/sand.png","Assets/Minecraft Default PBR Resources/Block Textures/sand_mer.png","Assets/Minecraft Default PBR Resources/Block Textures/sand_normal.png","Assets/Minecraft Default PBR Resources/Block Textures/slime.tga","Assets/Minecraft Default PBR Resources/Block Textures/slime_mer.png","Assets/Minecraft Default PBR Resources/Block Textures/slime_normal.png","Assets/Minecraft Default PBR Resources/Block Textures/stone.png","Assets/Minecraft Default PBR Resources/Block Textures/stone_andesite.png","Assets/Minecraft Default PBR Resources/Block Textures/stone_andesite_mer.png","Assets/Minecraft Default PBR Resources/Block Textures/stone_andesite_normal.png","Assets/Minecraft Default PBR Resources/Block Textures/stone_diorite.png","Assets/Minecraft Default PBR Resources/Block Textures/stone_diorite_mer.png","Assets/Minecraft Default PBR Resources/Block Textures/stone_diorite_normal.png","Assets/Minecraft Default PBR Resources/Block Textures/stone_granite.png","Assets/Minecraft Default PBR Resources/Block Textures/stone_granite_mer.png","Assets/Minecraft Default PBR Resources/Block Textures/stone_granite_normal.png","Assets/Minecraft Default PBR Resources/Block Textures/stone_mer.png","Assets/Minecraft Default PBR Resources/Block Textures/stone_normal.png","Assets/Minecraft Default PBR Resources/Block Textures/stripped_spruce_log.png","Assets/Minecraft Default PBR Resources/Block Textures/stripped_spruce_log_mer.png","Assets/Minecraft Default PBR Resources/Block Textures/stripped_spruce_log_normal.png","Assets/Minecraft Default PBR Resources/Block Textures/stripped_spruce_log_top.png","Assets/Minecraft Default PBR Resources/Block Textures/stripped_spruce_log_top_mer.png","Assets/Minecraft Default PBR Resources/Block Textures/stripped_spruce_log_top_normal.png","Assets/Minecraft Default PBR Resources/Block Textures/tnt_bottom.png","Assets/Minecraft Default PBR Resources/Block Textures/tnt_bottom_mer.png","Assets/Minecraft Default PBR Resources/Block Textures/tnt_bottom_normal.png","Assets/Minecraft Default PBR Resources/Block Textures/tnt_side.png","Assets/Minecraft Default PBR Resources/Block Textures/tnt_side_mer.png","Assets/Minecraft Default PBR Resources/Block Textures/tnt_side_normal.png","Assets/Minecraft Default PBR Resources/Block Textures/tnt_top.png","Assets/Minecraft Default PBR Resources/Block Textures/tnt_top_mer.png","Assets/Minecraft Default PBR Resources/Block Textures/tnt_top_normal.png","Assets/Minecraft Default PBR Resources/Block Textures/torch_on.tga","Assets/Minecraft Default PBR Resources/Block Textures/torch_on_mer.png","Assets/Minecraft Default PBR Resources/Block Textures/torch_on_normal.png","Assets/Minecraft Default PBR Resources/Block Textures/water_still.png","Assets/Minecraft Default PBR Resources/Block Textures/water_still_mer.png","Assets/Minecraft Default PBR Resources/Block Textures/water_still_normal.png"],"Dependencies":[]},"worldgen":{"FileName":"worldgen","Assets":["Assets/Minecraft Default PBR Resources/WorldGen/WorldGenPipeline.asset"],"Dependencies":[]}}}